Month;#Commits
2014-10;54
2014-11;2
2014-12;0
2015-01;0
2015-02;2
2015-03;79
2015-04;23
2015-05;43
2015-06;17
2015-07;0
2015-08;48
2015-09;31
2015-10;4
2015-11;8
2015-12;2
2016-01;97
2016-02;30
2016-03;8
2016-04;23
2016-05;0
2016-06;17
2016-07;57
2016-08;21
2016-09;20
2016-10;31
2016-11;24
2016-12;0
2017-01;110
2017-02;32
2017-03;104
2017-04;99
2017-05;51
2017-06;23
2017-07;39
2017-08;91
2017-09;16
2017-10;30
2017-11;30
2017-12;100
2018-01;21
2018-02;19
2018-03;57
2018-04;78
2018-05;33
2018-06;34
2018-07;29
2018-08;26
2018-09;133
2018-10;20
2018-11;31
2018-12;28
2019-01;40
2019-02;17
2019-03;10
2019-04;21
2019-05;9
2019-06;9
2019-07;38
2019-08;24
2019-09;34
2019-10;20
2019-11;29
2019-12;8
2020-01;17
2020-02;23
2020-03;23
2020-04;0
2020-05;3
2020-06;5
2020-07;2
2020-08;4
2020-09;2
2020-10;2
2020-11;0
2020-12;5
2021-01;12
2021-02;5
2021-03;2
2021-04;4
2021-05;7
2021-06;10
2021-07;5
2021-08;1
2021-09;3
2021-10;0
2021-11;1
2021-12;0
2022-01;2
2022-02;1
2022-03;4
2022-04;0
2022-05;2
2022-06;5
2022-07;2
2022-08;0
2022-09;0
2022-10;0
2022-11;5
2022-12;1
2023-01;0
2023-02;3
2023-03;0
2023-04;0
2023-05;0
2023-06;0
2023-07;3
2023-08;1
2023-09;1
2023-10;2
2023-11;5
2023-12;11
2024-01;7
2024-02;24
2024-03;11
2024-04;27
2024-05;10
2024-06;23
2024-07;26
2024-08;10
2024-09;22
2024-10;19
2024-11;36
2024-12;32
2025-01;16
2025-02;12
2025-03;28
2025-04;18
2025-05;11
2025-06;10
2025-07;18
2025-08;26
2025-09;3
2025-10;5
