Project;ncommits;nauthors;from;to;nstars;nforks;lastGHCommitDate;LongestGapStart;LongestGapEnd;LongestGapLength;NumCommitsAfterLastGap;NumberOfGapsInTimeline;ActivityPattern;BeforeThemes;AfterThemes;HypothesizedGapReason;HasRecovered;WhyRecovered;WhoRecovered;Currentstatus;RecentThemes;Notes
ifcopenshell_ifcopenshell;25237;428;1304852672;1762623536;2808;973;2026-09-28;2014-08;2014-10;3;24906;1;rising;Bug fixes:Feature development;Bug fixes:Feature development;Probably the main maintainer (Thomas Krijnen) was busy or away for a few months. No commit messages or README changes mention a pause.;Yes;Krijnen came back in November 2014 and kept working on parser and geometry fixes.;Same person, Thomas Krijnen. New contributors joined later.;Active;Dependency updates:Release;IfcOpenShell has grown a lot over time, peaking at 785 commits in 2023-08. Its only 3+ month gap was in 2014, before the project moved to GitHub, so it was hard to explain. The same maintainer ended it and the project is still active.
lastools_lastools;2712;87;1413703399;1761411541;1070;405;2026-09-21;2023-03;2023-06;4;417;2;U-shaped;Feature development:Bug fixes;Bug fixes:Feature development;The founder Martin Isenburg died in 2021, leaving a small team to maintain it. Issues opened during the gap got no replies.;Yes;Jean-Romain added a COPC reader/writer and Jochen Keil went back to fixing bugs.;Same people (Jean-Romain and Jochen Keil). New contributors joined in 2024.;Active;Release:Documentation updates;LAStools is U-shaped: very active until 2019, low from 2020 to 2023, then active again in 2024. The longest gap (2023-03 to 2023-06) is in the low period after the founder died. The same contributors brought it back and it is Active.
opendatacube_datacube-explorer;6011;53;1468452526;1762320537;64;35;2026-09-25;2017-05;2017-09;5;5728;3;irregular;Feature development:Documentation updates;Bug fixes:Feature development;In 2017 almost all commits came from one developer (Jeremy Hooke), and work stopped after his April 2017 commits.;Yes;A Geoscience Australia user reported and fixed a deployment bug, then Hooke went back to adding features.;Mix: new contributor Alex Vincent and the original maintainer Jeremy Hooke.;Active;Dependency updates:Automated bot contributions;Irregular activity with big bursts and 3 gaps of 3+ months. Two 5-month gaps tie, so I used the earlier one (2017-05 to 2017-09). It came back when a new contributor from Geoscience Australia started sending fixes. Active, recent commits are mostly bot updates.
choderalab_pymbar;1492;61;1368225944;1771982683;318;101;2026-02-12;2018-04;2018-12;9;841;6;irregular;Feature development:Documentation updates;Feature development:Documentation updates;The bootstrap work was paused on purpose ('Boostrap pause.' commit) after a big cleanup sprint, and the maintainers had limited time.;Yes;Michael Shirts fixed the README examples and started a new pmf.py module in early 2019.;Same maintainer (Michael Shirts). New contributors joined in 2020 and 2022.;Active;Bug fixes:Feature development;pymbar is irregular with 6 gaps of 3+ months. The longest (2018-04 to 2018-12) came after a cleanup sprint and a commit named 'Boostrap pause.' Michael Shirts restarted it in 2019. It is Active with recent bug fixes and features.
tensorflow_tfjs;31325;705;1501782313;1776389827;19146;2029;2026-04-06;2025-10;2025-10;1;274;0;declining;Automated bot contributions:Dependency updates;Automated bot contributions:Dependency updates;N/A active Project - only one zero month (2025-10) during a long decline;N/A;N/A no gap of 3+ months;N/A;Active;Other:Bug fixes;TF.js peaked in 2019-2020 and has declined since, with dependabot making a lot of the recent commits. There are no gaps of 3+ months, only one zero month in 2025-10. It is Active by the README rule.
kvos_coastsat;642;30;1538116640;1768665837;898;309;2026-05-29;2025-06;2025-09;4;13;3;irregular;Documentation updates:Bug fixes;Feature development:Documentation updates;The only maintainer (Kilian Vos) seems to have been busy. He still answered some issues during the gap but didn't commit.;Yes;He fixed a Google Earth Engine login bug that users reported and updated the README.;Same maintainer, Kilian Vos.;Active;Documentation updates:Feature development;CoastSat is irregular with 3 gaps of 3+ months. The longest (2025-06 to 2025-09) looks like the maintainer being busy, not abandonment. He came back with a GEE authentication fix. Active, recent work is docs and features.
jakobrunge_tigramite;1379;56;1486320043;1762336405;1726;323;2026-01-14;2025-02;2025-05;4;61;2;irregular;Feature development:Release;Bug fixes:Feature development;It went quiet right after the 5.2.7.0 release. The maintainer was still answering issues, so it was probably just a break between releases.;Yes;Jakob Runge came back with bug fixes and released 5.2.8.0 in July 2025.;Mostly same maintainer (Jakob Runge), plus new contributor Vincent Verjans.;Active;Bug fixes:Feature development;Tigramite is irregular with bursts around releases and 2 gaps of 3+ months, both right after releases. The longest (2025-02 to 2025-05) looks like a post-release break. Jakob Runge restarted it with bug fixes and a new release. Active.
clue-developers_clue;842;17;1567025867;1726151591;14;11;2024-09-12;2020-05;2020-08;4;695;4;irregular;Other:Documentation updates;Feature development:Other;The authors probably stopped after putting their paper on arXiv in April 2020 while it was under review.;Yes;Work restarted in September 2020 with a new .ode parser and other features, probably for the paper revision.;Mostly same (Gleb Pogudin), plus new contributor Joshua Jacob.;Inactive;Bug fixes:Documentation updates;CLUE is a research library with irregular bursts and 4 gaps of 3+ months. The longest (2020-05 to 2020-08) came right after the paper went on arXiv. Gleb Pogudin restarted it in fall 2020. Its last commit was 2024-09-12, so it is Inactive.
zalo_cascadestudio;361;14;1595495597;1741942474;1484;181;2026-06-16;2023-08;2024-09;14;5;3;declining;Automated bot contributions:Documentation updates;Automated bot contributions:Documentation updates;The only maintainer (zalo) moved on to other projects. An issue asked if the project was end-of-life and he said probably.;Yes;zalo came back in 2026 and rewrote a lot of it as CascadeStudio v2.;Same original maintainer (zalo).;Active;Release:Security patches;CascadeStudio had a big launch in 2020 and then declined, with 3 gaps of 3+ months. The longest (2023-08 to 2024-09, 14 months) happened because the maintainer moved to other projects. He came back himself in 2026. Active.
johannfaouzi_pyts;791;30;1501756392;1750449970;1880;179;2025-06-18;2023-10;2024-10;13;19;6;declining;Release:Dependency updates;Documentation updates:Bug fixes;Probably the maintainer didn't have much time after the v0.13.0 release. Some issues got no reply but the README never said it was archived.;Yes;Outside contributors sent a few PRs, then the maintainer fixed broken docs and deprecation errors.;New outside contributors first, then the original maintainer (Johann Faouzi).;Active;Dependency updates:Release;pyts peaked in 2018-2020 and then declined, with 6 gaps of 3+ months. The longest (2023-10 to 2024-10) looks like the maintainer being busy after a release. Outside PRs and docs fixes brought it back. Active by the README rule.
